{
  "teachers": [
    {
      "id": 1,
      "firstName": "Swapnil ",
      "lastName": "Hogade",
      "city": "Nashik",
      "age": "28",
      "experience": "4",
      "gender": "male",
      "number": 7895423658
    },
    {
      "id": 2,
      "firstName": "Kartik",
      "lastName": "Agnihotri",
      "city": "Nagpur",
      "age": 32,
      "experience": 8,
      "gender": "male",
      "number": 8995423658
    },
    {
      "id": 3,
      "firstName": "Sonali",
      "lastName": " Patil",
      "city": "Nashik",
      "age": 45,
      "experience": 8,
      "gender": "female",
      "number": 8695423658
    },
    {
      "id": 4,
      "firstName": "Rani ",
      "lastName": "Gosavi",
      "city": "Delhi",
      "age": 85,
      "experience": 15,
      "gender": "female",
      "number": 7995423658
    },
    {
      "id": 5,
      "firstName": "Shyam",
      "lastName": "Hari",
      "city": "Kolkata",
      "age": 54,
      "experience": 8,
      "gender": "female",
      "number": 8695423658
    },
    {
      "id": 6,
      "firstName": "Ganesh",
      "lastName": "Shyam",
      "city": "Nashik",
      "age": 84,
      "experience": 20,
      "gender": "male",
      "number": 8945253625
    }
  ]
}