{
  "user": [
    {
      "email": "user@gmail.com",
      "password": "user123"
    }
  ],
  "project": [
    {
      "id": 1,
      "projectName": "Swan IT solution",
      "projectStartDate": "2023-10-26",
      "projectEndDate": "2025-01-09",
      "fullName": "Rohit Patil",
      "city": "Pune",
      "age": 22,
      "experience": 5,
      "manager": "Prof. Shruti Raut",
      "number": 9845658745
    },
    {
      "id": 2,
      "projectName": "Medical health",
      "projectStartDate": "2023-10-10",
      "projectEndDate": "2024-01-10",
      "fullName": "Ganesh Sonavne",
      "city": "Nashik",
      "age": 25,
      "experience": 8,
      "manager": "Dr. Swapnil Hogade",
      "number": 8945654578
    },
    {
      "id": 3,
      "projectName": "Hidden Brain IT Company",
      "projectStartDate": "2023-10-21",
      "projectEndDate": "2026-05-15",
      "fullName": "Sameer Wankhed",
      "city": "Noaid",
      "age": 28,
      "experience": 4,
      "manager": "Dr. Jyotsna Patel",
      "number": 8945654512
    },
    {
      "id": 5,
      "projectName": "FoxCon Tech Ltd.",
      "projectStartDate": "2023-10-18",
      "projectEndDate": "2023-12-21",
      "fullName": "Sahil Nalawade",
      "city": "Banglore",
      "age": 42,
      "experience": 5,
      "manager": "Prof. Prakash Mali",
      "number": 9564578985
    },
    {
      "id": 7,
      "projectName": "HCL",
      "projectStartDate": "2023-01-01",
      "projectEndDate": "2023-12-14",
      "fullName": "Ketan Inamdar",
      "city": "Sillode",
      "age": 29,
      "experience": 4,
      "manager": "Prof. Prakash Mali",
      "number": 9784512364
    },
    {
      "id": 8,
      "projectName": "BOSCH",
      "projectStartDate": "2023-10-14",
      "projectEndDate": "2023-12-29",
      "fullName": "Aruna Pawar",
      "city": "Palestine",
      "age": 29,
      "experience": 4,
      "manager": "Dr. Swapnil Hogade",
      "number": 8978456545
    },
    {
      "id": 9,
      "projectName": "Agri Research ",
      "projectStartDate": "2023-10-19",
      "projectEndDate": "2024-01-19",
      "fullName": "Anita Ahire",
      "city": "Banglore",
      "age": 45,
      "experience": 5,
      "manager": "Prof. Shruti Raut",
      "number": 8978456545
    },
    {
      "id": 10,
      "projectName": "Shree Infotech",
      "projectStartDate": "2023-10-14",
      "projectEndDate": "2023-10-31",
      "fullName": "Shreenay Parik",
      "city": "Ahamadnagar",
      "age": 29,
      "experience": 4,
      "manager": "Prof. Prakash Mali",
      "number": 8978456525
    }
  ]
}